{
  "project_info": {
    "project_number": "810623940999",
    "project_id": "yumtime-ffe68",
    "storage_bucket": "yumtime-ffe68.appspot.com"
  },
  "client": [
    {
      "client_info": {
        "mobilesdk_app_id": "1:810623940999:android:9af2ca8a47fb340d62fb22",
        "android_client_info": {
          "package_name": "com.yumtime"
        }
      },
      "oauth_client": [
        {
          "client_id": "810623940999-4lc5i12hqr162iu5u1r1cbjf83rf9thb.apps.googleusercontent.com",
          "client_type": 3
        }
      ],
      "api_key": [
        {
          "current_key": "AIzaSyDZj96xpDzbcmn2LivX-q86kuyaTOZpkaA"
        }
      ],
      "services": {
        "appinvite_service": {
          "other_platform_oauth_client": [
            {
              "client_id": "810623940999-4lc5i12hqr162iu5u1r1cbjf83rf9thb.apps.googleusercontent.com",
              "client_type": 3
            }
          ]
        }
      }
    }
  ],
  "configuration_version": "1"
}